"roomType","numOfRooms","customerName","customerTel","channel","unitPrice","checkInDate","checkOutDate"
"SINGLE","1","c155","15695478973","_3RD_PARTY_WEBSITE","230.0","2015/12/15","2015/12/18"
"SEMIDOUBLE","4","c869","18028376244","_3RD_PARTY_WEBSITE","190.0","2015/12/15","2015/12/17"
"DOUBLE","4","c915","15384509531","TELEPHONE","200.0","2015/12/15","2015/12/18"
"TWIN","3","c983","18763590044","_3RD_PARTY_WEBSITE","200.0","2015/12/15","2015/12/17"
"TRIPLE","3","c997","13281620466","OTHERS","210.0","2015/12/15","2015/12/17"
"SUITE","3","c981","13687281280","TRAVEL_AGENT","300.0","2015/12/15","2015/12/18"
"SINGLE","1","c753","13584646376","OFFICIAL_WEBSITE","230.0","2015/12/12","2015/12/15"
"SEMIDOUBLE","2","c966","15828752341","TELEPHONE","190.0","2015/12/12","2015/12/15"
"DOUBLE","1","c996","1525179842","_3RD_PARTY_WEBSITE","200.0","2015/12/12","2015/12/15"
"TWIN","5","c92","18075374620","OTHERS","200.0","2015/12/12","2015/12/15"
"TRIPLE","4","c360","13312241575","OTHERS","210.0","2015/12/12","2015/12/14"
"SUITE","2","c38","13051846770","_3RD_PARTY_WEBSITE","300.0","2015/12/12","2015/12/15"
"SINGLE","5","c928","13139038591","TELEPHONE","230.0","2015/12/09","2015/12/11"
"SEMIDOUBLE","3","c92","13362722237","_3RD_PARTY_WEBSITE","190.0","2015/12/09","2015/12/11"
"DOUBLE","2","c236","15275397290","TRAVEL_AGENT","200.0","2015/12/09","2015/12/12"
"TWIN","5","c177","15267214972","TELEPHONE","200.0","2015/12/09","2015/12/11"
"TRIPLE","3","c967","18783082343","TRAVEL_AGENT","210.0","2015/12/09","2015/12/12"
"SUITE","4","c82","15934876209","OFFICIAL_WEBSITE","300.0","2015/12/09","2015/12/11"
"SINGLE","4","c554","1349128652","TRAVEL_AGENT","230.0","2015/12/06","2015/12/07"
"SEMIDOUBLE","2","c433","13693067381","OTHERS","190.0","2015/12/06","2015/12/07"
"DOUBLE","5","c221","15224925796","_3RD_PARTY_WEBSITE","200.0","2015/12/06","2015/12/08"
"TWIN","4","c348","15964897185","_3RD_PARTY_WEBSITE","200.0","2015/12/06","2015/12/08"
"TRIPLE","3","c378","18713481072","TELEPHONE","210.0","2015/12/06","2015/12/09"
"SUITE","4","c528","15119827989","OFFICIAL_WEBSITE","300.0","2015/12/06","2015/12/09"
"SINGLE","1","c131","15557534179","_3RD_PARTY_WEBSITE","230.0","2015/12/03","2015/12/04"
"SEMIDOUBLE","1","c896","18945879814","OFFICIAL_WEBSITE","190.0","2015/12/03","2015/12/04"
"DOUBLE","3","c58","15936300401","_3RD_PARTY_WEBSITE","200.0","2015/12/03","2015/12/05"
"TWIN","4","c74","13126864785","TELEPHONE","200.0","2015/12/03","2015/12/05"
"TRIPLE","2","c716","15289805362","_3RD_PARTY_WEBSITE","210.0","2015/12/03","2015/12/04"
"SUITE","2","c419","13481644782","OFFICIAL_WEBSITE","300.0","2015/12/03","2015/12/04"
"SINGLE","4","c640","15253189259","_3RD_PARTY_WEBSITE","230.0","2015/11/30","2015/12/01"
"SEMIDOUBLE","5","c219","13361764820","OFFICIAL_WEBSITE","190.0","2015/11/30","2015/12/02"
"DOUBLE","2","c531","15273942885","OTHERS","200.0","2015/11/30","2015/12/01"
"TWIN","1","c172","13526175313","_3RD_PARTY_WEBSITE","200.0","2015/11/30","2015/12/01"
"TRIPLE","3","c826","1348992598","OFFICIAL_WEBSITE","210.0","2015/11/30","2015/12/03"
"SUITE","2","c435","13563188412","TRAVEL_AGENT","300.0","2015/11/30","2015/12/01"
"SINGLE","4","c840","13330886885","TELEPHONE","230.0","2015/11/27","2015/11/30"
"SEMIDOUBLE","4","c287","18725331152","TRAVEL_AGENT","190.0","2015/11/27","2015/11/28"
"DOUBLE","4","c771","15674933747","OFFICIAL_WEBSITE","200.0","2015/11/27","2015/11/28"
"TWIN","5","c120","13164260059","OTHERS","200.0","2015/11/27","2015/11/28"
"TRIPLE","3","c233","18014867517","TRAVEL_AGENT","210.0","2015/11/27","2015/11/29"
"SUITE","1","c953","13979995420","OFFICIAL_WEBSITE","300.0","2015/11/27","2015/11/30"
"SINGLE","2","c535","13270364165","OTHERS","230.0","2015/11/24","2015/11/25"
"SEMIDOUBLE","5","c705","13095744563","OTHERS","190.0","2015/11/24","2015/11/27"
"DOUBLE","5","c58","15969787097","OTHERS","200.0","2015/11/24","2015/11/27"
"TWIN","2","c12","15330256058","TELEPHONE","200.0","2015/11/24","2015/11/26"
"TRIPLE","4","c110","15580656244","OFFICIAL_WEBSITE","210.0","2015/11/24","2015/11/27"
"SUITE","5","c536","13869788153","TRAVEL_AGENT","300.0","2015/11/24","2015/11/25"
"SINGLE","5","c211","13723607503","OTHERS","230.0","2015/11/21","2015/11/22"
"SEMIDOUBLE","1","c18","13668008621","OFFICIAL_WEBSITE","190.0","2015/11/21","2015/11/22"
"DOUBLE","1","c124","15248851063","OFFICIAL_WEBSITE","200.0","2015/11/21","2015/11/24"
"TWIN","4","c669","13539715511","OFFICIAL_WEBSITE","200.0","2015/11/21","2015/11/22"
"TRIPLE","1","c727","13278227781","OFFICIAL_WEBSITE","210.0","2015/11/21","2015/11/23"
"SUITE","5","c965","15030764528","OFFICIAL_WEBSITE","300.0","2015/11/21","2015/11/22"
"SINGLE","1","c676","18989460285","OTHERS","230.0","2015/11/18","2015/11/21"
"SEMIDOUBLE","1","c540","13364851431","OTHERS","190.0","2015/11/18","2015/11/21"
"DOUBLE","1","c258","13069374633","_3RD_PARTY_WEBSITE","200.0","2015/11/18","2015/11/19"
"TWIN","5","c386","15248488784","TRAVEL_AGENT","200.0","2015/11/18","2015/11/21"
"TRIPLE","2","c446","13394421698","_3RD_PARTY_WEBSITE","210.0","2015/11/18","2015/11/19"
"SUITE","1","c788","13892447815","OTHERS","300.0","2015/11/18","2015/11/19"
"SINGLE","4","c229","18762063874","_3RD_PARTY_WEBSITE","230.0","2015/11/15","2015/11/16"
"SEMIDOUBLE","4","c645","1537493159","OTHERS","190.0","2015/11/15","2015/11/16"
"DOUBLE","4","c538","15623971856","TELEPHONE","200.0","2015/11/15","2015/11/18"
"TWIN","4","c21","1343447354","TELEPHONE","200.0","2015/11/15","2015/11/17"
"TRIPLE","3","c356","15562467036","TRAVEL_AGENT","210.0","2015/11/15","2015/11/17"
"SUITE","4","c699","13446280325","TRAVEL_AGENT","300.0","2015/11/15","2015/11/18"
"SINGLE","3","c605","15750305533","OFFICIAL_WEBSITE","230.0","2015/11/12","2015/11/14"
"SEMIDOUBLE","4","c498","13625577673","TRAVEL_AGENT","190.0","2015/11/12","2015/11/13"
"DOUBLE","5","c67","13785763205","TELEPHONE","200.0","2015/11/12","2015/11/15"
"TWIN","1","c949","15929814274","OFFICIAL_WEBSITE","200.0","2015/11/12","2015/11/13"
"TRIPLE","3","c520","13268977645","_3RD_PARTY_WEBSITE","210.0","2015/11/12","2015/11/13"
"SUITE","3","c573","13346244557","_3RD_PARTY_WEBSITE","300.0","2015/11/12","2015/11/15"
"SINGLE","4","c924","15183755114","OFFICIAL_WEBSITE","230.0","2015/11/09","2015/11/12"
"SEMIDOUBLE","2","c985","18745010853","TRAVEL_AGENT","190.0","2015/11/09","2015/11/10"
"DOUBLE","4","c643","1578461060","TELEPHONE","200.0","2015/11/09","2015/11/10"
"TWIN","4","c717","13364842321","OFFICIAL_WEBSITE","200.0","2015/11/09","2015/11/12"
"TRIPLE","3","c331","13752215750","TRAVEL_AGENT","210.0","2015/11/09","2015/11/11"
"SUITE","5","c356","15378842210","TELEPHONE","300.0","2015/11/09","2015/11/12"
"SINGLE","1","c275","13247045916","OFFICIAL_WEBSITE","230.0","2015/11/06","2015/11/07"
"SEMIDOUBLE","2","c809","13724652000","TELEPHONE","190.0","2015/11/06","2015/11/07"
"DOUBLE","3","c784","15267030595","OTHERS","200.0","2015/11/06","2015/11/07"
"TWIN","2","c980","13714781965","OTHERS","200.0","2015/11/06","2015/11/07"
"TRIPLE","5","c9","15676639457","TELEPHONE","210.0","2015/11/06","2015/11/07"
"SUITE","2","c455","13559634762","TELEPHONE","300.0","2015/11/06","2015/11/08"
"SINGLE","2","c547","13537581245","OFFICIAL_WEBSITE","230.0","2015/11/03","2015/11/05"
"SEMIDOUBLE","3","c591","15672473375","OFFICIAL_WEBSITE","190.0","2015/11/03","2015/11/05"
"DOUBLE","4","c664","13398621585","OTHERS","200.0","2015/11/03","2015/11/06"
"TWIN","3","c655","15041400670","_3RD_PARTY_WEBSITE","200.0","2015/11/03","2015/11/06"
"TRIPLE","4","c305","15144885251","TELEPHONE","210.0","2015/11/03","2015/11/06"
"SUITE","4","c232","13669305199","_3RD_PARTY_WEBSITE","300.0","2015/11/03","2015/11/04"
"SINGLE","5","c859","13736963259","TELEPHONE","230.0","2015/10/31","2015/11/03"
"SEMIDOUBLE","4","c389","13755832751","OTHERS","190.0","2015/10/31","2015/11/03"
"DOUBLE","3","c150","15653229974","TELEPHONE","200.0","2015/10/31","2015/11/01"
"TWIN","4","c26","13639542266","OTHERS","200.0","2015/10/31","2015/11/03"
"TRIPLE","1","c137","15920317185","OFFICIAL_WEBSITE","210.0","2015/10/31","2015/11/01"
"SUITE","4","c980","13827413072","TELEPHONE","300.0","2015/10/31","2015/11/03"
"SINGLE","1","c257","13850080873","OTHERS","230.0","2015/10/28","2015/10/30"
"SEMIDOUBLE","3","c228","13135994524","OTHERS","190.0","2015/10/28","2015/10/31"
"DOUBLE","5","c393","15275838678","_3RD_PARTY_WEBSITE","200.0","2015/10/28","2015/10/29"
"TWIN","2","c852","13411111832","TELEPHONE","200.0","2015/10/28","2015/10/30"
"TRIPLE","5","c244","13773178015","TRAVEL_AGENT","210.0","2015/10/28","2015/10/29"
"SUITE","3","c28","13932167893","_3RD_PARTY_WEBSITE","300.0","2015/10/28","2015/10/31"
"SINGLE","3","c295","15012761153","TELEPHONE","230.0","2015/10/25","2015/10/27"
"SEMIDOUBLE","3","c78","13416531423","OFFICIAL_WEBSITE","190.0","2015/10/25","2015/10/28"
"DOUBLE","5","c266","1802757457","OFFICIAL_WEBSITE","200.0","2015/10/25","2015/10/27"
"TWIN","1","c404","15057590918","OTHERS","200.0","2015/10/25","2015/10/27"
"TRIPLE","1","c501","15891961752","TELEPHONE","210.0","2015/10/25","2015/10/28"
"SUITE","4","c475","13779853887","OTHERS","300.0","2015/10/25","2015/10/28"
"SINGLE","5","c304","15733816902","OTHERS","230.0","2015/10/22","2015/10/25"
"SEMIDOUBLE","1","c553","13388496561","TELEPHONE","190.0","2015/10/22","2015/10/25"
"DOUBLE","5","c363","13221130180","TRAVEL_AGENT","200.0","2015/10/22","2015/10/23"
"TWIN","1","c901","1535022061","TRAVEL_AGENT","200.0","2015/10/22","2015/10/25"
"TRIPLE","1","c57","13893397705","TELEPHONE","210.0","2015/10/22","2015/10/23"
"SUITE","1","c562","15210432309","TRAVEL_AGENT","300.0","2015/10/22","2015/10/23"
"SINGLE","2","c599","1347246685","TELEPHONE","230.0","2015/10/19","2015/10/22"
"SEMIDOUBLE","3","c547","15939426376","_3RD_PARTY_WEBSITE","190.0","2015/10/19","2015/10/22"
"DOUBLE","2","c865","15340260755","OTHERS","200.0","2015/10/19","2015/10/21"
"TWIN","5","c562","18042260301","OFFICIAL_WEBSITE","200.0","2015/10/19","2015/10/20"
"TRIPLE","4","c687","13316640124","TELEPHONE","210.0","2015/10/19","2015/10/21"
"SUITE","4","c155","13440677368","TRAVEL_AGENT","300.0","2015/10/19","2015/10/21"
"SINGLE","1","c502","13394707406","TELEPHONE","230.0","2015/10/16","2015/10/18"
"SEMIDOUBLE","2","c797","18068750850","_3RD_PARTY_WEBSITE","190.0","2015/10/16","2015/10/18"
"DOUBLE","4","c977","15381554475","OFFICIAL_WEBSITE","200.0","2015/10/16","2015/10/18"
"TWIN","2","c542","13349376162","TELEPHONE","200.0","2015/10/16","2015/10/19"
"TRIPLE","5","c786","15178784285","TRAVEL_AGENT","210.0","2015/10/16","2015/10/17"
"SUITE","4","c869","15148783160","TRAVEL_AGENT","300.0","2015/10/16","2015/10/18"
"SINGLE","2","c122","13832114689","TRAVEL_AGENT","230.0","2015/10/13","2015/10/16"
"SEMIDOUBLE","1","c67","13120913590","TELEPHONE","190.0","2015/10/13","2015/10/14"
"DOUBLE","2","c873","13334751511","_3RD_PARTY_WEBSITE","200.0","2015/10/13","2015/10/15"
"TWIN","3","c710","18933306298","TELEPHONE","200.0","2015/10/13","2015/10/16"
"TRIPLE","2","c105","15012812562","TRAVEL_AGENT","210.0","2015/10/13","2015/10/14"
"SUITE","2","c49","13834724570","OTHERS","300.0","2015/10/13","2015/10/16"
"SINGLE","4","c554","13079509687","OTHERS","230.0","2015/10/10","2015/10/13"
"SEMIDOUBLE","1","c327","15828367651","OTHERS","190.0","2015/10/10","2015/10/12"
"DOUBLE","3","c99","15260927910","OFFICIAL_WEBSITE","200.0","2015/10/10","2015/10/11"
"TWIN","3","c55","15337878185","OTHERS","200.0","2015/10/10","2015/10/12"
"TRIPLE","3","c172","13673331260","_3RD_PARTY_WEBSITE","210.0","2015/10/10","2015/10/11"
"SUITE","1","c313","13547509568","_3RD_PARTY_WEBSITE","300.0","2015/10/10","2015/10/13"
"SINGLE","5","c367","13891343777","OTHERS","230.0","2015/10/07","2015/10/08"
"SEMIDOUBLE","4","c791","13024461393","TELEPHONE","190.0","2015/10/07","2015/10/10"
"DOUBLE","1","c422","1892898406","OTHERS","200.0","2015/10/07","2015/10/08"
"TWIN","3","c8","18745405392","TRAVEL_AGENT","200.0","2015/10/07","2015/10/08"
"TRIPLE","2","c895","1877159118","OFFICIAL_WEBSITE","210.0","2015/10/07","2015/10/08"
"SUITE","2","c7","15129898322","TRAVEL_AGENT","300.0","2015/10/07","2015/10/08"
"SINGLE","4","c980","18015894966","TRAVEL_AGENT","230.0","2015/10/04","2015/10/05"
"SEMIDOUBLE","2","c881","1598902979","TELEPHONE","190.0","2015/10/04","2015/10/06"
"DOUBLE","1","c360","13383745816","TELEPHONE","200.0","2015/10/04","2015/10/05"
"TWIN","4","c931","15560480573","_3RD_PARTY_WEBSITE","200.0","2015/10/04","2015/10/05"
"TRIPLE","1","c243","15970920242","OTHERS","210.0","2015/10/04","2015/10/07"
"SUITE","4","c362","15833413500","TRAVEL_AGENT","300.0","2015/10/04","2015/10/06"
"SINGLE","3","c37","15044164940","TELEPHONE","230.0","2015/10/01","2015/10/02"
"SEMIDOUBLE","2","c869","15888848246","TELEPHONE","190.0","2015/10/01","2015/10/03"
"DOUBLE","2","c273","1591680159","_3RD_PARTY_WEBSITE","200.0","2015/10/01","2015/10/02"
"TWIN","3","c414","18998881936","_3RD_PARTY_WEBSITE","200.0","2015/10/01","2015/10/02"
"TRIPLE","1","c984","1322575577","TRAVEL_AGENT","210.0","2015/10/01","2015/10/03"
"SUITE","3","c607","15530553587","TELEPHONE","300.0","2015/10/01","2015/10/04"
"SINGLE","2","c190","15099741510","TELEPHONE","230.0","2015/09/28","2015/10/01"
"SEMIDOUBLE","5","c591","13455076997","TELEPHONE","190.0","2015/09/28","2015/09/29"
"DOUBLE","2","c426","15827519505","TELEPHONE","200.0","2015/09/28","2015/09/29"
"TWIN","3","c372","13499928060","TRAVEL_AGENT","200.0","2015/09/28","2015/09/29"
"TRIPLE","4","c526","15574168624","_3RD_PARTY_WEBSITE","210.0","2015/09/28","2015/09/30"
"SUITE","1","c755","18082504469","OFFICIAL_WEBSITE","300.0","2015/09/28","2015/09/29"
"SINGLE","3","c103","15387568998","OFFICIAL_WEBSITE","230.0","2015/09/25","2015/09/28"
"SEMIDOUBLE","1","c602","13175813354","_3RD_PARTY_WEBSITE","190.0","2015/09/25","2015/09/26"
"DOUBLE","2","c230","15275570666","OTHERS","200.0","2015/09/25","2015/09/27"
"TWIN","3","c560","13578304361","TELEPHONE","200.0","2015/09/25","2015/09/28"
"TRIPLE","1","c779","13883404590","TELEPHONE","210.0","2015/09/25","2015/09/27"
"SUITE","2","c435","18790615528","TRAVEL_AGENT","300.0","2015/09/25","2015/09/27"
"SINGLE","1","c435","13650000066","TRAVEL_AGENT","230.0","2015/09/22","2015/09/24"
"SEMIDOUBLE","3","c8","18268489694","TRAVEL_AGENT","190.0","2015/09/22","2015/09/24"
"DOUBLE","2","c784","1822028895","TELEPHONE","200.0","2015/09/22","2015/09/24"
"TWIN","1","c904","13078879669","TRAVEL_AGENT","200.0","2015/09/22","2015/09/25"
"TRIPLE","2","c262","13241230089","TRAVEL_AGENT","210.0","2015/09/22","2015/09/24"
"SUITE","2","c22","18030750916","OFFICIAL_WEBSITE","300.0","2015/09/22","2015/09/23"
"SINGLE","3","c598","1807189588","OFFICIAL_WEBSITE","230.0","2015/09/19","2015/09/22"
"SEMIDOUBLE","4","c366","13534487136","OFFICIAL_WEBSITE","190.0","2015/09/19","2015/09/21"
"DOUBLE","4","c811","13327155663","TELEPHONE","200.0","2015/09/19","2015/09/21"
"TWIN","1","c727","15066700570","TELEPHONE","200.0","2015/09/19","2015/09/20"
"TRIPLE","3","c626","1568249735","_3RD_PARTY_WEBSITE","210.0","2015/09/19","2015/09/20"
"SUITE","3","c242","18738714124","TRAVEL_AGENT","300.0","2015/09/19","2015/09/22"
"SINGLE","1","c998","15689791915","TRAVEL_AGENT","230.0","2015/09/16","2015/09/19"
"SEMIDOUBLE","3","c483","15375959124","OFFICIAL_WEBSITE","190.0","2015/09/16","2015/09/19"
"DOUBLE","2","c969","18271466070","TRAVEL_AGENT","200.0","2015/09/16","2015/09/17"
"TWIN","1","c804","18744170154","TRAVEL_AGENT","200.0","2015/09/16","2015/09/18"
"TRIPLE","3","c294","13867642737","TRAVEL_AGENT","210.0","2015/09/16","2015/09/18"
"SUITE","2","c274","13428877846","OFFICIAL_WEBSITE","300.0","2015/09/16","2015/09/17"
"SINGLE","1","c402","1342588351","OFFICIAL_WEBSITE","230.0","2015/09/13","2015/09/15"
"SEMIDOUBLE","1","c664","13962908611","OTHERS","190.0","2015/09/13","2015/09/16"
"DOUBLE","5","c507","1359206267","_3RD_PARTY_WEBSITE","200.0","2015/09/13","2015/09/14"
"TWIN","1","c744","18995514359","TELEPHONE","200.0","2015/09/13","2015/09/16"
"TRIPLE","2","c720","13363039268","OFFICIAL_WEBSITE","210.0","2015/09/13","2015/09/15"
"SUITE","2","c641","13392826924","TELEPHONE","300.0","2015/09/13","2015/09/15"
"SINGLE","4","c823","1561619169","OTHERS","230.0","2015/09/10","2015/09/13"
"SEMIDOUBLE","1","c810","18086505792","_3RD_PARTY_WEBSITE","190.0","2015/09/10","2015/09/12"
"DOUBLE","1","c654","15570111496","TELEPHONE","200.0","2015/09/10","2015/09/11"
"TWIN","1","c309","13879557327","_3RD_PARTY_WEBSITE","200.0","2015/09/10","2015/09/11"
"TRIPLE","2","c641","18925681474","_3RD_PARTY_WEBSITE","210.0","2015/09/10","2015/09/12"
"SUITE","3","c520","13299139754","OTHERS","300.0","2015/09/10","2015/09/12"
"SINGLE","4","c258","13299562961","OFFICIAL_WEBSITE","230.0","2015/09/07","2015/09/10"
"SEMIDOUBLE","2","c685","15657076841","_3RD_PARTY_WEBSITE","190.0","2015/09/07","2015/09/10"
"DOUBLE","4","c574","13451865209","TRAVEL_AGENT","200.0","2015/09/07","2015/09/08"
"TWIN","3","c921","13645318436","OTHERS","200.0","2015/09/07","2015/09/08"
"TRIPLE","4","c755","13928269188","TRAVEL_AGENT","210.0","2015/09/07","2015/09/10"
"SUITE","5","c354","13518452551","TELEPHONE","300.0","2015/09/07","2015/09/08"
"SINGLE","5","c815","15190839272","OTHERS","230.0","2015/09/04","2015/09/06"
"SEMIDOUBLE","5","c507","15866164875","TELEPHONE","190.0","2015/09/04","2015/09/05"
"DOUBLE","3","c699","18963702157","TRAVEL_AGENT","200.0","2015/09/04","2015/09/05"
"TWIN","3","c362","1589597193","_3RD_PARTY_WEBSITE","200.0","2015/09/04","2015/09/05"
"TRIPLE","2","c462","15649610162","_3RD_PARTY_WEBSITE","210.0","2015/09/04","2015/09/06"
"SUITE","3","c561","13373741681","OTHERS","300.0","2015/09/04","2015/09/05"
"SINGLE","4","c847","15755848309","_3RD_PARTY_WEBSITE","230.0","2015/09/01","2015/09/04"
"SEMIDOUBLE","2","c489","18744717920","TELEPHONE","190.0","2015/09/01","2015/09/04"
"DOUBLE","4","c610","15339179129","OFFICIAL_WEBSITE","200.0","2015/09/01","2015/09/02"
"TWIN","2","c186","18721255640","_3RD_PARTY_WEBSITE","200.0","2015/09/01","2015/09/03"
"TRIPLE","4","c394","15719513514","_3RD_PARTY_WEBSITE","210.0","2015/09/01","2015/09/03"
"SUITE","4","c985","13080566481","TRAVEL_AGENT","300.0","2015/09/01","2015/09/02"
"SINGLE","2","c167","13411520037","OFFICIAL_WEBSITE","230.0","2015/08/29","2015/09/01"
"SEMIDOUBLE","4","c265","13394012404","_3RD_PARTY_WEBSITE","190.0","2015/08/29","2015/08/31"
"DOUBLE","2","c278","15955429948","TELEPHONE","200.0","2015/08/29","2015/08/31"
"TWIN","1","c947","15656106608","OFFICIAL_WEBSITE","200.0","2015/08/29","2015/09/01"
"TRIPLE","2","c591","13334616477","TELEPHONE","210.0","2015/08/29","2015/08/31"
"SUITE","2","c113","13794229229","_3RD_PARTY_WEBSITE","300.0","2015/08/29","2015/08/31"
"SINGLE","3","c468","13532735131","TELEPHONE","230.0","2015/08/26","2015/08/29"
"SEMIDOUBLE","1","c708","13859736997","TELEPHONE","190.0","2015/08/26","2015/08/28"
"DOUBLE","2","c309","18942726284","_3RD_PARTY_WEBSITE","200.0","2015/08/26","2015/08/29"
"TWIN","4","c30","13089201051","OFFICIAL_WEBSITE","200.0","2015/08/26","2015/08/27"
"TRIPLE","1","c904","13079085146","TELEPHONE","210.0","2015/08/26","2015/08/27"
"SUITE","1","c737","13533205483","_3RD_PARTY_WEBSITE","300.0","2015/08/26","2015/08/28"
"SINGLE","3","c732","15931534366","TELEPHONE","230.0","2015/08/23","2015/08/25"
"SEMIDOUBLE","2","c343","18083034184","TRAVEL_AGENT","190.0","2015/08/23","2015/08/26"
"DOUBLE","5","c518","15845672175","OTHERS","200.0","2015/08/23","2015/08/26"
"TWIN","5","c756","13944950925","TELEPHONE","200.0","2015/08/23","2015/08/26"
"TRIPLE","1","c309","15539639745","OTHERS","210.0","2015/08/23","2015/08/24"
"SUITE","4","c902","15071202418","_3RD_PARTY_WEBSITE","300.0","2015/08/23","2015/08/24"
"SINGLE","5","c448","13474503281","OFFICIAL_WEBSITE","230.0","2015/08/20","2015/08/23"
"SEMIDOUBLE","1","c238","15969965416","TELEPHONE","190.0","2015/08/20","2015/08/23"
"DOUBLE","5","c15","13960142565","TRAVEL_AGENT","200.0","2015/08/20","2015/08/23"
"TWIN","2","c783","15143461255","TELEPHONE","200.0","2015/08/20","2015/08/22"
"TRIPLE","1","c758","15684824409","OTHERS","210.0","2015/08/20","2015/08/22"
"SUITE","5","c219","15774752428","TELEPHONE","300.0","2015/08/20","2015/08/21"
"SINGLE","5","c462","13623295677","TRAVEL_AGENT","230.0","2015/08/17","2015/08/20"
"SEMIDOUBLE","1","c229","15696662952","TRAVEL_AGENT","190.0","2015/08/17","2015/08/18"
"DOUBLE","2","c757","13180193090","TELEPHONE","200.0","2015/08/17","2015/08/19"
"TWIN","4","c834","15077736859","OFFICIAL_WEBSITE","200.0","2015/08/17","2015/08/20"
"TRIPLE","5","c725","15760488957","_3RD_PARTY_WEBSITE","210.0","2015/08/17","2015/08/18"
"SUITE","5","c641","18023570536","_3RD_PARTY_WEBSITE","300.0","2015/08/17","2015/08/20"
"SINGLE","5","c26","15563102122","TRAVEL_AGENT","230.0","2015/08/14","2015/08/16"
"SEMIDOUBLE","5","c250","13744782665","OTHERS","190.0","2015/08/14","2015/08/15"
"DOUBLE","3","c564","1876075546","TELEPHONE","200.0","2015/08/14","2015/08/17"
"TWIN","1","c260","1557200138","OTHERS","200.0","2015/08/14","2015/08/16"
"TRIPLE","4","c588","18240299952","TRAVEL_AGENT","210.0","2015/08/14","2015/08/15"
"SUITE","2","c183","13333776475","OFFICIAL_WEBSITE","300.0","2015/08/14","2015/08/17"
"SINGLE","3","c467","18281044621","TRAVEL_AGENT","230.0","2015/08/11","2015/08/14"
"SEMIDOUBLE","3","c576","15347364295","TELEPHONE","190.0","2015/08/11","2015/08/14"
"DOUBLE","4","c478","15396132820","_3RD_PARTY_WEBSITE","200.0","2015/08/11","2015/08/13"
"TWIN","3","c227","15386966473","_3RD_PARTY_WEBSITE","200.0","2015/08/11","2015/08/13"
"TRIPLE","3","c686","15523646096","OFFICIAL_WEBSITE","210.0","2015/08/11","2015/08/12"
"SUITE","1","c84","13359656838","TELEPHONE","300.0","2015/08/11","2015/08/12"
"SINGLE","5","c419","13291748283","OFFICIAL_WEBSITE","230.0","2015/08/08","2015/08/10"
"SEMIDOUBLE","1","c94","15366309277","OFFICIAL_WEBSITE","190.0","2015/08/08","2015/08/11"
"DOUBLE","3","c968","1312531040","TELEPHONE","200.0","2015/08/08","2015/08/11"
"TWIN","4","c253","13527178146","TRAVEL_AGENT","200.0","2015/08/08","2015/08/10"
"TRIPLE","2","c937","15543083496","OTHERS","210.0","2015/08/08","2015/08/11"
"SUITE","1","c448","15164788658","OTHERS","300.0","2015/08/08","2015/08/09"
"SINGLE","3","c88","15613735930","TRAVEL_AGENT","230.0","2015/08/05","2015/08/08"
"SEMIDOUBLE","1","c742","15123840808","TELEPHONE","190.0","2015/08/05","2015/08/08"
"DOUBLE","2","c551","18290314628","OFFICIAL_WEBSITE","200.0","2015/08/05","2015/08/07"
"TWIN","3","c114","1335755766","OFFICIAL_WEBSITE","200.0","2015/08/05","2015/08/06"
"TRIPLE","1","c432","15691750752","OTHERS","210.0","2015/08/05","2015/08/07"
"SUITE","5","c202","18235578135","TELEPHONE","300.0","2015/08/05","2015/08/06"
"SINGLE","5","c384","15375308056","_3RD_PARTY_WEBSITE","230.0","2015/08/02","2015/08/05"
"SEMIDOUBLE","2","c369","15610057641","OFFICIAL_WEBSITE","190.0","2015/08/02","2015/08/03"
"DOUBLE","2","c921","15194815570","_3RD_PARTY_WEBSITE","200.0","2015/08/02","2015/08/03"
"TWIN","4","c893","13574979359","TELEPHONE","200.0","2015/08/02","2015/08/05"
"TRIPLE","2","c622","15279761999","_3RD_PARTY_WEBSITE","210.0","2015/08/02","2015/08/05"
"SUITE","3","c291","18735564828","TELEPHONE","300.0","2015/08/02","2015/08/05"
"SINGLE","2","c777","18994668181","OTHERS","230.0","2015/07/30","2015/07/31"
"SEMIDOUBLE","5","c167","15549716580","_3RD_PARTY_WEBSITE","190.0","2015/07/30","2015/08/01"
"DOUBLE","1","c592","15692215477","_3RD_PARTY_WEBSITE","200.0","2015/07/30","2015/08/01"
"TWIN","5","c921","1583032691","OFFICIAL_WEBSITE","200.0","2015/07/30","2015/08/02"
"TRIPLE","4","c53","1395075760","TRAVEL_AGENT","210.0","2015/07/30","2015/07/31"
"SUITE","5","c49","15696852280","TRAVEL_AGENT","300.0","2015/07/30","2015/07/31"
"SINGLE","4","c445","13824252027","_3RD_PARTY_WEBSITE","230.0","2015/07/27","2015/07/29"
"SEMIDOUBLE","2","c323","13525872869","TRAVEL_AGENT","190.0","2015/07/27","2015/07/29"
"DOUBLE","3","c448","1374792874","OFFICIAL_WEBSITE","200.0","2015/07/27","2015/07/29"
"TWIN","3","c295","15317970405","_3RD_PARTY_WEBSITE","200.0","2015/07/27","2015/07/29"
"TRIPLE","3","c279","15853534001","OFFICIAL_WEBSITE","210.0","2015/07/27","2015/07/29"
"SUITE","1","c648","1825119735","OFFICIAL_WEBSITE","300.0","2015/07/27","2015/07/28"
"SINGLE","4","c747","15575995469","OFFICIAL_WEBSITE","230.0","2015/07/24","2015/07/25"
"SEMIDOUBLE","2","c61","15911672929","OFFICIAL_WEBSITE","190.0","2015/07/24","2015/07/26"
"DOUBLE","2","c241","15539456394","TELEPHONE","200.0","2015/07/24","2015/07/26"
"TWIN","5","c972","15729818949","TRAVEL_AGENT","200.0","2015/07/24","2015/07/26"
"TRIPLE","2","c179","13094886375","TRAVEL_AGENT","210.0","2015/07/24","2015/07/26"
"SUITE","4","c595","13135556632","TELEPHONE","300.0","2015/07/24","2015/07/25"
"SINGLE","3","c146","13618919453","OTHERS","230.0","2015/07/21","2015/07/24"
"SEMIDOUBLE","1","c169","18744917305","TELEPHONE","190.0","2015/07/21","2015/07/23"
"DOUBLE","3","c280","13389734277","TELEPHONE","200.0","2015/07/21","2015/07/23"
"TWIN","2","c681","13661651367","TRAVEL_AGENT","200.0","2015/07/21","2015/07/22"
"TRIPLE","5","c529","15221358623","OFFICIAL_WEBSITE","210.0","2015/07/21","2015/07/22"
"SUITE","1","c303","13636896467","_3RD_PARTY_WEBSITE","300.0","2015/07/21","2015/07/24"
"SINGLE","2","c248","1324499383","OFFICIAL_WEBSITE","230.0","2015/12/15","2015/12/18"
"SEMIDOUBLE","2","c196","13612428955","_3RD_PARTY_WEBSITE","190.0","2015/12/15","2015/12/17"
"DOUBLE","1","c527","15575243050","OFFICIAL_WEBSITE","200.0","2015/12/15","2015/12/18"
"TWIN","4","c876","18720428640","OTHERS","200.0","2015/12/15","2015/12/16"
"TRIPLE","2","c568","18748251599","OTHERS","210.0","2015/12/15","2015/12/17"
"SUITE","3","c672","18056560695","TELEPHONE","300.0","2015/12/15","2015/12/17"
"SINGLE","1","c89","18276876794","TELEPHONE","230.0","2015/12/18","2015/12/21"
"SEMIDOUBLE","1","c694","15136912963","OFFICIAL_WEBSITE","190.0","2015/12/18","2015/12/19"
"DOUBLE","3","c764","18727160739","OTHERS","200.0","2015/12/18","2015/12/21"
"TWIN","1","c188","15939186220","_3RD_PARTY_WEBSITE","200.0","2015/12/18","2015/12/19"
"TRIPLE","5","c452","13148634155","TELEPHONE","210.0","2015/12/18","2015/12/20"
"SUITE","5","c420","15224348848","OFFICIAL_WEBSITE","300.0","2015/12/18","2015/12/21"
"SINGLE","1","c43","15992227398","OFFICIAL_WEBSITE","230.0","2015/12/21","2015/12/23"
"SEMIDOUBLE","2","c138","13671538271","OTHERS","190.0","2015/12/21","2015/12/24"
"DOUBLE","2","c863","13691621885","TELEPHONE","200.0","2015/12/21","2015/12/23"
"TWIN","1","c170","18082811244","_3RD_PARTY_WEBSITE","200.0","2015/12/21","2015/12/22"
"TRIPLE","4","c349","13213793747","OFFICIAL_WEBSITE","210.0","2015/12/21","2015/12/24"
"SUITE","5","c565","13640424103","TRAVEL_AGENT","300.0","2015/12/21","2015/12/22"
"SINGLE","2","c501","15585551377","OTHERS","230.0","2015/12/24","2015/12/25"
"SEMIDOUBLE","1","c850","13169246607","OTHERS","190.0","2015/12/24","2015/12/26"
"DOUBLE","4","c453","15123944996","OFFICIAL_WEBSITE","200.0","2015/12/24","2015/12/26"
"TWIN","2","c457","13927825036","_3RD_PARTY_WEBSITE","200.0","2015/12/24","2015/12/27"
"TRIPLE","5","c25","15945049641","OTHERS","210.0","2015/12/24","2015/12/25"
"SUITE","1","c652","13612050755","OTHERS","300.0","2015/12/24","2015/12/25"
"SINGLE","1","c103","15372504979","OTHERS","230.0","2015/12/27","2015/12/30"
"SEMIDOUBLE","5","c239","15184937226","TRAVEL_AGENT","190.0","2015/12/27","2015/12/30"
"DOUBLE","1","c625","13173699308","_3RD_PARTY_WEBSITE","200.0","2015/12/27","2015/12/30"
"TWIN","5","c127","15935742083","TRAVEL_AGENT","200.0","2015/12/27","2015/12/29"
"TRIPLE","4","c851","13640919744","OFFICIAL_WEBSITE","210.0","2015/12/27","2015/12/30"
"SUITE","2","c544","13866932813","OTHERS","300.0","2015/12/27","2015/12/29"
"SINGLE","4","c308","15954709665","TELEPHONE","230.0","2015/12/30","2015/12/31"
"SEMIDOUBLE","3","c742","18278478813","OFFICIAL_WEBSITE","190.0","2015/12/30","2015/12/31"
"DOUBLE","3","c825","13662284875","OFFICIAL_WEBSITE","200.0","2015/12/30","2015/12/31"
"TWIN","1","c181","13061239156","OFFICIAL_WEBSITE","200.0","2015/12/30","2016/01/02"
"TRIPLE","5","c157","15878093552","OFFICIAL_WEBSITE","210.0","2015/12/30","2015/12/31"
"SUITE","5","c477","15059013425","OTHERS","300.0","2015/12/30","2015/12/31"
"SINGLE","3","c988","18250626966","TELEPHONE","230.0","2016/01/02","2016/01/05"
"SEMIDOUBLE","1","c206","15737593422","TRAVEL_AGENT","190.0","2016/01/02","2016/01/05"
"DOUBLE","1","c86","15513460645","TRAVEL_AGENT","200.0","2016/01/02","2016/01/04"
"TWIN","2","c986","13030975856","OTHERS","200.0","2016/01/02","2016/01/04"
"TRIPLE","5","c64","15022252421","TRAVEL_AGENT","210.0","2016/01/02","2016/01/03"
"SUITE","2","c576","1526189600","OFFICIAL_WEBSITE","300.0","2016/01/02","2016/01/04"
"SINGLE","2","c758","15324578412","TRAVEL_AGENT","230.0","2016/01/05","2016/01/08"
"SEMIDOUBLE","5","c165","13448286047","OFFICIAL_WEBSITE","190.0","2016/01/05","2016/01/08"
"DOUBLE","2","c509","15572018239","OTHERS","200.0","2016/01/05","2016/01/07"
"TWIN","2","c910","15651714397","_3RD_PARTY_WEBSITE","200.0","2016/01/05","2016/01/08"
"TRIPLE","3","c148","18252777110","_3RD_PARTY_WEBSITE","210.0","2016/01/05","2016/01/07"
"SUITE","3","c161","1519186386","TELEPHONE","300.0","2016/01/05","2016/01/08"
"SINGLE","2","c378","18772496106","_3RD_PARTY_WEBSITE","230.0","2016/01/08","2016/01/09"
"SEMIDOUBLE","5","c66","13289068909","_3RD_PARTY_WEBSITE","190.0","2016/01/08","2016/01/11"
"DOUBLE","4","c730","15212227284","TRAVEL_AGENT","200.0","2016/01/08","2016/01/09"
"TWIN","4","c177","13060764401","OFFICIAL_WEBSITE","200.0","2016/01/08","2016/01/11"
"TRIPLE","2","c386","15720437619","OFFICIAL_WEBSITE","210.0","2016/01/08","2016/01/10"
"SUITE","1","c841","15537665896","OTHERS","300.0","2016/01/08","2016/01/09"
"SINGLE","4","c451","15392078584","TELEPHONE","230.0","2016/01/11","2016/01/13"
"SEMIDOUBLE","1","c20","18223910647","OTHERS","190.0","2016/01/11","2016/01/14"
"DOUBLE","4","c51","1329761348","OTHERS","200.0","2016/01/11","2016/01/14"
"TWIN","2","c147","152376281","_3RD_PARTY_WEBSITE","200.0","2016/01/11","2016/01/13"
"TRIPLE","1","c558","18028286391","TELEPHONE","210.0","2016/01/11","2016/01/14"
"SUITE","4","c674","15150918639","OTHERS","300.0","2016/01/11","2016/01/14"
"SINGLE","2","c683","18037427213","OFFICIAL_WEBSITE","230.0","2016/01/14","2016/01/17"
"SEMIDOUBLE","1","c825","15983447164","OTHERS","190.0","2016/01/14","2016/01/17"
"DOUBLE","2","c658","18948562794","TELEPHONE","200.0","2016/01/14","2016/01/15"
"TWIN","2","c454","15816537590","_3RD_PARTY_WEBSITE","200.0","2016/01/14","2016/01/17"
"TRIPLE","1","c98","13099902333","TRAVEL_AGENT","210.0","2016/01/14","2016/01/15"
"SUITE","2","c78","18028655616","TELEPHONE","300.0","2016/01/14","2016/01/17"
"SINGLE","3","c376","15043153864","OTHERS","230.0","2016/01/17","2016/01/18"
"SEMIDOUBLE","1","c826","13270196860","OTHERS","190.0","2016/01/17","2016/01/18"
"DOUBLE","4","c124","1529076742","TELEPHONE","200.0","2016/01/17","2016/01/20"
"TWIN","3","c15","18061733574","OFFICIAL_WEBSITE","200.0","2016/01/17","2016/01/18"
"TRIPLE","2","c445","13041215662","OFFICIAL_WEBSITE","210.0","2016/01/17","2016/01/20"
"SUITE","2","c119","15241025284","OFFICIAL_WEBSITE","300.0","2016/01/17","2016/01/19"
"SINGLE","3","c204","18051835549","TRAVEL_AGENT","230.0","2016/01/20","2016/01/22"
"SEMIDOUBLE","2","c540","13858432672","OTHERS","190.0","2016/01/20","2016/01/22"
"DOUBLE","2","c950","13720541913","TRAVEL_AGENT","200.0","2016/01/20","2016/01/21"
"TWIN","2","c67","1874595168","_3RD_PARTY_WEBSITE","200.0","2016/01/20","2016/01/23"
"TRIPLE","3","c522","1312461560","OTHERS","210.0","2016/01/20","2016/01/23"
"SUITE","3","c245","15750578068","OFFICIAL_WEBSITE","300.0","2016/01/20","2016/01/23"
"SINGLE","2","c890","18994770599","OTHERS","230.0","2016/01/23","2016/01/26"
"SEMIDOUBLE","1","c881","13299132918","_3RD_PARTY_WEBSITE","190.0","2016/01/23","2016/01/24"
"DOUBLE","1","c527","15133556686","TRAVEL_AGENT","200.0","2016/01/23","2016/01/25"
"TWIN","1","c950","1373858328","TRAVEL_AGENT","200.0","2016/01/23","2016/01/24"
"TRIPLE","4","c356","15311343322","TELEPHONE","210.0","2016/01/23","2016/01/24"
"SUITE","4","c197","13936316286","_3RD_PARTY_WEBSITE","300.0","2016/01/23","2016/01/26"
"SINGLE","2","c308","13330343579","TELEPHONE","230.0","2016/01/26","2016/01/28"
"SEMIDOUBLE","3","c132","13820542548","OTHERS","190.0","2016/01/26","2016/01/28"
"DOUBLE","1","c303","18983417173","TELEPHONE","200.0","2016/01/26","2016/01/29"
"TWIN","4","c758","13056217794","TELEPHONE","200.0","2016/01/26","2016/01/29"
"TRIPLE","4","c975","18788699995","OFFICIAL_WEBSITE","210.0","2016/01/26","2016/01/27"
"SUITE","4","c598","15847465187","TELEPHONE","300.0","2016/01/26","2016/01/27"
"SINGLE","2","c137","18775116248","TRAVEL_AGENT","230.0","2016/01/29","2016/01/30"
"SEMIDOUBLE","1","c186","15932884656","TRAVEL_AGENT","190.0","2016/01/29","2016/01/30"
"DOUBLE","4","c762","13920227706","TRAVEL_AGENT","200.0","2016/01/29","2016/02/01"
"TWIN","2","c52","13634353371","OTHERS","200.0","2016/01/29","2016/02/01"
"TRIPLE","2","c769","15257186733","OTHERS","210.0","2016/01/29","2016/02/01"
"SUITE","3","c844","18789561190","TRAVEL_AGENT","300.0","2016/01/29","2016/01/31"
"SINGLE","1","c137","15694819024","_3RD_PARTY_WEBSITE","230.0","2016/02/01","2016/02/03"
"SEMIDOUBLE","3","c668","15390359147","_3RD_PARTY_WEBSITE","190.0","2016/02/01","2016/02/02"
"DOUBLE","3","c384","157587865","TRAVEL_AGENT","200.0","2016/02/01","2016/02/04"
"TWIN","4","c836","13958576481","_3RD_PARTY_WEBSITE","200.0","2016/02/01","2016/02/03"
"TRIPLE","1","c456","15899442755","OFFICIAL_WEBSITE","210.0","2016/02/01","2016/02/04"
"SUITE","3","c376","15565646100","_3RD_PARTY_WEBSITE","300.0","2016/02/01","2016/02/02"
"SINGLE","3","c62","15552138014","OFFICIAL_WEBSITE","230.0","2016/02/04","2016/02/07"
"SEMIDOUBLE","5","c661","18980713545","TRAVEL_AGENT","190.0","2016/02/04","2016/02/07"
"DOUBLE","1","c142","15576599483","TELEPHONE","200.0","2016/02/04","2016/02/05"
"TWIN","4","c944","13017260794","_3RD_PARTY_WEBSITE","200.0","2016/02/04","2016/02/05"
"TRIPLE","1","c53","152593531","TELEPHONE","210.0","2016/02/04","2016/02/05"
"SUITE","5","c44","15953654577","_3RD_PARTY_WEBSITE","300.0","2016/02/04","2016/02/05"
"SINGLE","1","c612","15390724668","TRAVEL_AGENT","230.0","2016/02/07","2016/02/09"
"SEMIDOUBLE","1","c85","15053785484","OFFICIAL_WEBSITE","190.0","2016/02/07","2016/02/10"
"DOUBLE","4","c637","13018130407","_3RD_PARTY_WEBSITE","200.0","2016/02/07","2016/02/09"
"TWIN","1","c229","18932709717","TRAVEL_AGENT","200.0","2016/02/07","2016/02/10"
"TRIPLE","5","c885","13867930017","_3RD_PARTY_WEBSITE","210.0","2016/02/07","2016/02/10"
"SUITE","3","c514","13691447107","TRAVEL_AGENT","300.0","2016/02/07","2016/02/08"
"SINGLE","4","c189","15536108436","_3RD_PARTY_WEBSITE","230.0","2016/02/10","2016/02/12"
"SEMIDOUBLE","3","c187","15832011993","TRAVEL_AGENT","190.0","2016/02/10","2016/02/13"
"DOUBLE","3","c429","15032315745","TELEPHONE","200.0","2016/02/10","2016/02/12"
"TWIN","5","c974","18057284450","OFFICIAL_WEBSITE","200.0","2016/02/10","2016/02/12"
"TRIPLE","2","c31","18238096684","TRAVEL_AGENT","210.0","2016/02/10","2016/02/13"
"SUITE","1","c352","13843601295","TRAVEL_AGENT","300.0","2016/02/10","2016/02/11"
"SINGLE","2","c28","13480806988","_3RD_PARTY_WEBSITE","230.0","2016/02/13","2016/02/15"
"SEMIDOUBLE","2","c639","13578122935","TELEPHONE","190.0","2016/02/13","2016/02/14"
"DOUBLE","1","c94","13281223061","OFFICIAL_WEBSITE","200.0","2016/02/13","2016/02/16"
"TWIN","2","c775","13965522137","TRAVEL_AGENT","200.0","2016/02/13","2016/02/14"
"TRIPLE","1","c354","13395624682","OTHERS","210.0","2016/02/13","2016/02/16"
"SUITE","4","c537","15874339287","OTHERS","300.0","2016/02/13","2016/02/14"
"SINGLE","1","c17","13988911178","TELEPHONE","230.0","2016/02/16","2016/02/19"
"SEMIDOUBLE","2","c906","15918787949","TRAVEL_AGENT","190.0","2016/02/16","2016/02/18"
"DOUBLE","3","c543","13087722050","TELEPHONE","200.0","2016/02/16","2016/02/18"
"TWIN","2","c749","18213900719","OTHERS","200.0","2016/02/16","2016/02/19"
"TRIPLE","1","c211","15361710259","TELEPHONE","210.0","2016/02/16","2016/02/17"
"SUITE","5","c49","15940878695","OFFICIAL_WEBSITE","300.0","2016/02/16","2016/02/19"
"SINGLE","3","c745","15958249091","TELEPHONE","230.0","2016/02/19","2016/02/20"
"SEMIDOUBLE","3","c461","18087152445","OTHERS","190.0","2016/02/19","2016/02/22"
"DOUBLE","1","c727","13998186130","OFFICIAL_WEBSITE","200.0","2016/02/19","2016/02/22"
"TWIN","5","c677","18234149113","TRAVEL_AGENT","200.0","2016/02/19","2016/02/20"
"TRIPLE","2","c604","13050936020","OTHERS","210.0","2016/02/19","2016/02/20"
"SUITE","2","c805","15398774764","OTHERS","300.0","2016/02/19","2016/02/20"
"SINGLE","2","c171","13828444158","_3RD_PARTY_WEBSITE","230.0","2016/02/22","2016/02/23"
"SEMIDOUBLE","2","c353","13255600299","TELEPHONE","190.0","2016/02/22","2016/02/24"
"DOUBLE","5","c471","15331553481","OFFICIAL_WEBSITE","200.0","2016/02/22","2016/02/23"
"TWIN","2","c286","13484274394","TRAVEL_AGENT","200.0","2016/02/22","2016/02/23"
"TRIPLE","1","c234","15727684327","TELEPHONE","210.0","2016/02/22","2016/02/25"
"SUITE","3","c21","13815208129","OTHERS","300.0","2016/02/22","2016/02/23"
"SINGLE","3","c999","15767285742","OTHERS","230.0","2016/02/25","2016/02/26"
"SEMIDOUBLE","3","c400","15332296834","OFFICIAL_WEBSITE","190.0","2016/02/25","2016/02/27"
"DOUBLE","4","c701","18956759473","_3RD_PARTY_WEBSITE","200.0","2016/02/25","2016/02/27"
"TWIN","4","c210","15538348918","OTHERS","200.0","2016/02/25","2016/02/27"
"TRIPLE","2","c238","13934169190","_3RD_PARTY_WEBSITE","210.0","2016/02/25","2016/02/28"
"SUITE","2","c745","15373867362","TELEPHONE","300.0","2016/02/25","2016/02/27"
"SINGLE","3","c176","13943001100","OFFICIAL_WEBSITE","230.0","2016/02/28","2016/02/29"
"SEMIDOUBLE","3","c375","15942302464","OFFICIAL_WEBSITE","190.0","2016/02/28","2016/03/02"
"DOUBLE","4","c556","18751604825","TRAVEL_AGENT","200.0","2016/02/28","2016/03/02"
"TWIN","1","c705","18069432738","TRAVEL_AGENT","200.0","2016/02/28","2016/03/02"
"TRIPLE","2","c36","15953498443","_3RD_PARTY_WEBSITE","210.0","2016/02/28","2016/02/29"
"SUITE","2","c774","13082364875","_3RD_PARTY_WEBSITE","300.0","2016/02/28","2016/03/01"
"SINGLE","4","c969","15862419000","TELEPHONE","230.0","2016/03/02","2016/03/05"
"SEMIDOUBLE","4","c242","1893320727","OTHERS","190.0","2016/03/02","2016/03/04"
"DOUBLE","3","c854","15138299708","OTHERS","200.0","2016/03/02","2016/03/05"
"TWIN","2","c324","18733848238","TRAVEL_AGENT","200.0","2016/03/02","2016/03/05"
"TRIPLE","5","c758","13611094722","OTHERS","210.0","2016/03/02","2016/03/05"
"SUITE","5","c779","15694951312","TRAVEL_AGENT","300.0","2016/03/02","2016/03/03"
"SINGLE","3","c157","13031493162","OTHERS","230.0","2016/03/05","2016/03/07"
"SEMIDOUBLE","2","c923","13545021716","OFFICIAL_WEBSITE","190.0","2016/03/05","2016/03/08"
"DOUBLE","4","c73","15998322573","TRAVEL_AGENT","200.0","2016/03/05","2016/03/08"
"TWIN","1","c68","13441218551","OFFICIAL_WEBSITE","200.0","2016/03/05","2016/03/06"
"TRIPLE","4","c960","13915140773","OTHERS","210.0","2016/03/05","2016/03/07"
"SUITE","3","c978","13927906201","OFFICIAL_WEBSITE","300.0","2016/03/05","2016/03/07"
"SINGLE","4","c99","13589737680","OTHERS","230.0","2016/03/08","2016/03/10"
"SEMIDOUBLE","4","c440","13145400779","OFFICIAL_WEBSITE","190.0","2016/03/08","2016/03/11"
"DOUBLE","2","c983","13257745211","TRAVEL_AGENT","200.0","2016/03/08","2016/03/11"
"TWIN","3","c734","13263065036","TELEPHONE","200.0","2016/03/08","2016/03/09"
"TRIPLE","3","c628","15589630500","TRAVEL_AGENT","210.0","2016/03/08","2016/03/11"
"SUITE","5","c537","15948975707","_3RD_PARTY_WEBSITE","300.0","2016/03/08","2016/03/10"
"SINGLE","4","c422","13172608833","TELEPHONE","230.0","2016/03/11","2016/03/13"
"SEMIDOUBLE","3","c322","13638355950","OFFICIAL_WEBSITE","190.0","2016/03/11","2016/03/12"
"DOUBLE","4","c1","1318680261","TRAVEL_AGENT","200.0","2016/03/11","2016/03/12"
"TWIN","4","c0","18243865353","OFFICIAL_WEBSITE","200.0","2016/03/11","2016/03/12"
"TRIPLE","3","c80","13935588744","OTHERS","210.0","2016/03/11","2016/03/13"
"SUITE","5","c879","13672171186","_3RD_PARTY_WEBSITE","300.0","2016/03/11","2016/03/12"
"SINGLE","3","c766","13822919886","OFFICIAL_WEBSITE","230.0","2016/03/14","2016/03/16"
"SEMIDOUBLE","2","c147","13929219337","TRAVEL_AGENT","190.0","2016/03/14","2016/03/16"
"DOUBLE","5","c246","131722985","TRAVEL_AGENT","200.0","2016/03/14","2016/03/17"
"TWIN","1","c454","18928342524","OTHERS","200.0","2016/03/14","2016/03/15"
"TRIPLE","1","c188","18052173057","TRAVEL_AGENT","210.0","2016/03/14","2016/03/15"
"SUITE","3","c885","15155870752","TRAVEL_AGENT","300.0","2016/03/14","2016/03/15"
"SINGLE","4","c6","15135106107","TRAVEL_AGENT","230.0","2016/03/17","2016/03/19"
"SEMIDOUBLE","4","c73","18276263587","TRAVEL_AGENT","190.0","2016/03/17","2016/03/18"
"DOUBLE","5","c477","15135529598","TELEPHONE","200.0","2016/03/17","2016/03/19"
"TWIN","5","c170","18281083494","OFFICIAL_WEBSITE","200.0","2016/03/17","2016/03/20"
"TRIPLE","5","c901","15156849560","OFFICIAL_WEBSITE","210.0","2016/03/17","2016/03/19"
"SUITE","2","c495","18021993519","TRAVEL_AGENT","300.0","2016/03/17","2016/03/20"
"SINGLE","3","c580","15114015751","OFFICIAL_WEBSITE","230.0","2016/03/20","2016/03/23"
"SEMIDOUBLE","2","c896","15865895684","_3RD_PARTY_WEBSITE","190.0","2016/03/20","2016/03/23"
"DOUBLE","1","c510","1384816540","TELEPHONE","200.0","2016/03/20","2016/03/22"
"TWIN","1","c693","13379448220","TELEPHONE","200.0","2016/03/20","2016/03/21"
"TRIPLE","1","c566","13156336451","TRAVEL_AGENT","210.0","2016/03/20","2016/03/23"
"SUITE","3","c920","13261887223","TELEPHONE","300.0","2016/03/20","2016/03/22"
"SINGLE","4","c881","15059535334","OTHERS","230.0","2016/03/23","2016/03/26"
"SEMIDOUBLE","3","c750","18079766311","OTHERS","190.0","2016/03/23","2016/03/25"
"DOUBLE","3","c94","18045089761","TRAVEL_AGENT","200.0","2016/03/23","2016/03/26"
"TWIN","5","c52","15061167348","OFFICIAL_WEBSITE","200.0","2016/03/23","2016/03/24"
"TRIPLE","5","c873","18069956628","OTHERS","210.0","2016/03/23","2016/03/24"
"SUITE","4","c190","13362767467","TELEPHONE","300.0","2016/03/23","2016/03/25"
"SINGLE","2","c101","15198069609","TELEPHONE","230.0","2016/03/26","2016/03/27"
"SEMIDOUBLE","3","c810","15532803243","OTHERS","190.0","2016/03/26","2016/03/29"
"DOUBLE","4","c145","13177485095","OFFICIAL_WEBSITE","200.0","2016/03/26","2016/03/29"
"TWIN","5","c725","15335701871","TRAVEL_AGENT","200.0","2016/03/26","2016/03/29"
"TRIPLE","1","c820","13683739755","_3RD_PARTY_WEBSITE","210.0","2016/03/26","2016/03/28"
"SUITE","3","c482","18247064744","TRAVEL_AGENT","300.0","2016/03/26","2016/03/27"
"SINGLE","5","c929","18092550610","TELEPHONE","230.0","2016/03/29","2016/03/30"
"SEMIDOUBLE","1","c680","15739927226","_3RD_PARTY_WEBSITE","190.0","2016/03/29","2016/03/30"
"DOUBLE","3","c94","15066423751","OFFICIAL_WEBSITE","200.0","2016/03/29","2016/04/01"
"TWIN","4","c992","13254267741","_3RD_PARTY_WEBSITE","200.0","2016/03/29","2016/03/30"
"TRIPLE","3","c234","13344766581","_3RD_PARTY_WEBSITE","210.0","2016/03/29","2016/03/30"
"SUITE","1","c193","13959694106","OFFICIAL_WEBSITE","300.0","2016/03/29","2016/04/01"
"SINGLE","1","c865","1899017426","OFFICIAL_WEBSITE","230.0","2016/04/01","2016/04/04"
"SEMIDOUBLE","1","c578","15078749799","TRAVEL_AGENT","190.0","2016/04/01","2016/04/04"
"DOUBLE","2","c934","15966993997","OTHERS","200.0","2016/04/01","2016/04/04"
"TWIN","2","c764","15120856168","TELEPHONE","200.0","2016/04/01","2016/04/03"
"TRIPLE","5","c838","136175774","OFFICIAL_WEBSITE","210.0","2016/04/01","2016/04/03"
"SUITE","1","c937","13994091851","OFFICIAL_WEBSITE","300.0","2016/04/01","2016/04/02"
"SINGLE","3","c707","15141872177","OFFICIAL_WEBSITE","230.0","2016/04/04","2016/04/05"
"SEMIDOUBLE","4","c878","13245333575","_3RD_PARTY_WEBSITE","190.0","2016/04/04","2016/04/07"
"DOUBLE","2","c485","13050804663","_3RD_PARTY_WEBSITE","200.0","2016/04/04","2016/04/05"
"TWIN","5","c184","15062123842","TELEPHONE","200.0","2016/04/04","2016/04/07"
"TRIPLE","4","c291","13958702909","OFFICIAL_WEBSITE","210.0","2016/04/04","2016/04/05"
"SUITE","1","c248","13540625215","_3RD_PARTY_WEBSITE","300.0","2016/04/04","2016/04/05"
"SINGLE","5","c467","13425589982","_3RD_PARTY_WEBSITE","230.0","2016/04/07","2016/04/09"
"SEMIDOUBLE","2","c601","18935972753","TRAVEL_AGENT","190.0","2016/04/07","2016/04/10"
"DOUBLE","1","c793","15014515968","TRAVEL_AGENT","200.0","2016/04/07","2016/04/08"
"TWIN","4","c274","15339192145","OFFICIAL_WEBSITE","200.0","2016/04/07","2016/04/09"
"TRIPLE","2","c47","13085427576","OFFICIAL_WEBSITE","210.0","2016/04/07","2016/04/10"
"SUITE","1","c115","15352342429","_3RD_PARTY_WEBSITE","300.0","2016/04/07","2016/04/09"
"SINGLE","1","c525","18254392020","_3RD_PARTY_WEBSITE","230.0","2016/04/10","2016/04/11"
"SEMIDOUBLE","1","c405","15345763463","OTHERS","190.0","2016/04/10","2016/04/12"
"DOUBLE","5","c334","15949934351","OTHERS","200.0","2016/04/10","2016/04/12"
"TWIN","2","c492","15192589076","OTHERS","200.0","2016/04/10","2016/04/11"
"TRIPLE","5","c475","15844149101","OTHERS","210.0","2016/04/10","2016/04/11"
"SUITE","1","c633","13470897768","_3RD_PARTY_WEBSITE","300.0","2016/04/10","2016/04/13"
"SINGLE","4","c285","13956649834","OTHERS","230.0","2016/04/13","2016/04/15"
"SEMIDOUBLE","5","c182","15113621767","OFFICIAL_WEBSITE","190.0","2016/04/13","2016/04/14"
"DOUBLE","1","c951","13156982740","TELEPHONE","200.0","2016/04/13","2016/04/15"
"TWIN","2","c491","13994348095","TELEPHONE","200.0","2016/04/13","2016/04/14"
"TRIPLE","2","c736","15044103936","TRAVEL_AGENT","210.0","2016/04/13","2016/04/15"
"SUITE","1","c604","15880195242","TELEPHONE","300.0","2016/04/13","2016/04/16"
"SINGLE","4","c118","15680082209","_3RD_PARTY_WEBSITE","230.0","2016/04/16","2016/04/18"
"SEMIDOUBLE","5","c621","15149218008","OTHERS","190.0","2016/04/16","2016/04/17"
"DOUBLE","5","c759","1381770941","_3RD_PARTY_WEBSITE","200.0","2016/04/16","2016/04/18"
"TWIN","5","c245","13987019281","_3RD_PARTY_WEBSITE","200.0","2016/04/16","2016/04/18"
"TRIPLE","3","c106","1377300674","_3RD_PARTY_WEBSITE","210.0","2016/04/16","2016/04/19"
"SUITE","1","c639","15866003264","OTHERS","300.0","2016/04/16","2016/04/18"
"SINGLE","3","c707","13915339198","OFFICIAL_WEBSITE","230.0","2016/04/19","2016/04/22"
"SEMIDOUBLE","2","c672","18074237173","OTHERS","190.0","2016/04/19","2016/04/21"
"DOUBLE","4","c164","15833630387","OTHERS","200.0","2016/04/19","2016/04/21"
"TWIN","4","c706","15331602570","TELEPHONE","200.0","2016/04/19","2016/04/22"
"TRIPLE","5","c350","13685077777","OFFICIAL_WEBSITE","210.0","2016/04/19","2016/04/21"
"SUITE","4","c223","15010316653","OFFICIAL_WEBSITE","300.0","2016/04/19","2016/04/21"
"SINGLE","3","c432","13847753285","TELEPHONE","230.0","2016/04/22","2016/04/23"
"SEMIDOUBLE","5","c600","13352557445","_3RD_PARTY_WEBSITE","190.0","2016/04/22","2016/04/24"
"DOUBLE","5","c295","1526626934","OTHERS","200.0","2016/04/22","2016/04/23"
"TWIN","4","c645","13239529142","OTHERS","200.0","2016/04/22","2016/04/25"
"TRIPLE","4","c780","13016321752","TRAVEL_AGENT","210.0","2016/04/22","2016/04/24"
"SUITE","2","c911","15621132935","OFFICIAL_WEBSITE","300.0","2016/04/22","2016/04/23"
"SINGLE","3","c101","1874810785","TRAVEL_AGENT","230.0","2016/04/25","2016/04/27"
"SEMIDOUBLE","4","c791","13837052286","OTHERS","190.0","2016/04/25","2016/04/26"
"DOUBLE","3","c603","18282135157","_3RD_PARTY_WEBSITE","200.0","2016/04/25","2016/04/28"
"TWIN","5","c578","1879153024","OFFICIAL_WEBSITE","200.0","2016/04/25","2016/04/26"
"TRIPLE","4","c501","13130299096","OTHERS","210.0","2016/04/25","2016/04/26"
"SUITE","5","c818","15538791747","OFFICIAL_WEBSITE","300.0","2016/04/25","2016/04/28"
"SINGLE","1","c859","15958757580","TELEPHONE","230.0","2016/04/28","2016/04/29"
"SEMIDOUBLE","3","c810","13587119260","OTHERS","190.0","2016/04/28","2016/04/30"
"DOUBLE","4","c820","13062883499","_3RD_PARTY_WEBSITE","200.0","2016/04/28","2016/04/29"
"TWIN","2","c670","18211116489","TRAVEL_AGENT","200.0","2016/04/28","2016/05/01"
"TRIPLE","5","c466","13150487290","OFFICIAL_WEBSITE","210.0","2016/04/28","2016/05/01"
"SUITE","1","c776","1575262429","OFFICIAL_WEBSITE","300.0","2016/04/28","2016/04/30"
"SINGLE","2","c731","13869392228","TRAVEL_AGENT","230.0","2016/05/01","2016/05/04"
"SEMIDOUBLE","4","c218","13838690253","_3RD_PARTY_WEBSITE","190.0","2016/05/01","2016/05/03"
"DOUBLE","5","c576","15739518","OTHERS","200.0","2016/05/01","2016/05/03"
"TWIN","1","c698","13723500322","_3RD_PARTY_WEBSITE","200.0","2016/05/01","2016/05/04"
"TRIPLE","1","c25","15890157664","TELEPHONE","210.0","2016/05/01","2016/05/04"
"SUITE","5","c865","13232046660","OTHERS","300.0","2016/05/01","2016/05/02"
"SINGLE","5","c138","13269128643","OFFICIAL_WEBSITE","230.0","2016/05/04","2016/05/05"
"SEMIDOUBLE","1","c760","13749712359","OFFICIAL_WEBSITE","190.0","2016/05/04","2016/05/07"
"DOUBLE","1","c519","1525836869","OFFICIAL_WEBSITE","200.0","2016/05/04","2016/05/07"
"TWIN","4","c514","15368985116","OFFICIAL_WEBSITE","200.0","2016/05/04","2016/05/06"
"TRIPLE","3","c904","15880610845","OTHERS","210.0","2016/05/04","2016/05/05"
"SUITE","1","c831","1382580607","TELEPHONE","300.0","2016/05/04","2016/05/07"
"SINGLE","1","c337","13884831172","TELEPHONE","230.0","2016/05/07","2016/05/10"
"SEMIDOUBLE","3","c491","18941254145","TELEPHONE","190.0","2016/05/07","2016/05/09"
"DOUBLE","4","c361","15743380297","OTHERS","200.0","2016/05/07","2016/05/09"
"TWIN","5","c403","18997940314","OTHERS","200.0","2016/05/07","2016/05/08"
"TRIPLE","1","c628","13892122980","TELEPHONE","210.0","2016/05/07","2016/05/10"
"SUITE","4","c745","15769162630","_3RD_PARTY_WEBSITE","300.0","2016/05/07","2016/05/08"
"SINGLE","2","c174","15868985142","TELEPHONE","230.0","2016/05/10","2016/05/12"
"SEMIDOUBLE","2","c699","18920426430","TRAVEL_AGENT","190.0","2016/05/10","2016/05/11"
"DOUBLE","5","c327","15715580033","TRAVEL_AGENT","200.0","2016/05/10","2016/05/12"
"TWIN","1","c102","15523369107","TELEPHONE","200.0","2016/05/10","2016/05/12"
"TRIPLE","1","c33","18733612030","TRAVEL_AGENT","210.0","2016/05/10","2016/05/11"
"SUITE","5","c320","15956826215","TRAVEL_AGENT","300.0","2016/05/10","2016/05/11"
"DOUBLE","5","DIRK","15927458625","TRAVEL_AGENT","200.0","1999/09/10","1999/10/01"
"SEMIDOUBLE","3","CHMWANG","18296752566","OFFICIAL_WEBSITE","190.0","2010/09/03","2010/09/10"
"SUITE","1","chmwang","15970079914","OTHERS","300.0","2015/01/19","2015/01/30"
"DOUBLE","1","Tom","13298123311","OFFICIAL_WEBSITE","200.0","2015/12/17","2015/12/18"
"SEMIDOUBLE","2","hello","15623213788","TELEPHONE","190.0","2015/12/12","2015/12/13"
"TRIPLE","3","geek","18767527655","TRAVEL_AGENT","210.0","2015/11/13","2015/11/15"
"SEMIDOUBLE","5","ebby","13433344566","_3RD_PARTY_WEBSITE","190.0","2115/12/13","2015/12/17"
